gintaras	-	-
labas	-	-
namas	-	-
tauta	-	-
duona	-	-
kaina	-	-
sveiki	-	-
naktis	-	-
dantis	-	-
eiti	-	-
brolis	-	-
tikras	-	-
optika	-	-
izoliacija	-	-
vakaras	-	-
aukštas	-	-
saulė	-	-
tėvas	-	-
ačiū	-	-
darbas	-	-
rytas	-	-
qwerty	-	-
zcgagtp	-	-
mxyzptlk	-	-
xkcd	-	-
wjak	-	-
ios	-	-
iura	-	-
all	-	-
excel	-	-
l	-	-
B	-	-
y	-	-
ą	-	-
lt	-	-
www	-	-
01	-	-
0023	-	-
23:06	-	-
2026 metai	-	-
labas rytas	-	-
vienas du trys keturi penki	-	-
ar tu matai?	-	-
labas rytas, kaip sekasi? viskas gerai.	-	-
windows	-	-
taxi	-	-
namas	50	-
namas	100	-
namas	-	30
namas	-	70
labas rytas	80	60
gintaras	25	50
kompiuteris	-	-
telefonas	-	-
muzika	-	-
zebras	-	-
fjordas	-	-
šiandien	-	-
vėjas	-	-
žmogus	-	-
ūkis	-	-
įdomu	-	-
čia	-	-
eksportas	-	-
valio	-	-
broliai	-	-
bnp	-	-
vrkt	-	-
qjo	-	-
asj	-	-
jtas	-	-
100	-	-
10	-	-
1000000	-	-
ačiū labai	-	-
kaip tau sekasi šiandien	-	-
zcgagtp	70	-
ios	-	80
„labas“ – tarė jis.	-	-
kaina (su PVM) – 50%	-	-
ir/arba [pavyzdys] «citata»	-	-
o'brien kažin-kas 2026-06-12	-	-
„	-	-
привет	-	-
brīvība	-	-
8a	-	-
Bokšto 8a	-	-
a8	-	-
21:20	-	-
kaina 8,5 euro	-	-
labas, rytas. viskas gerai!	-	-
video	-	-
ios telefonas	-	-
sound	-	-
out	-	-
loud	-	-
foulas	-	-
klounas	-	-
klouno	-	-
klounuose	-	-
sound klounas	-	-
kitas	-	-
ki	-	-
kinija	-	-
kita	-	-
kinas	-	-
pekinas	-	-
kitas pekinas	-	-
kurjeriui	-	-
vyriui	-	-
broliui	-	-
arkliui	-	-
kiui	-	-
riui	-	-
puikus	-	-
kurjeriui broliui	-	-
a alfa	-	-
o oras	-	-
alfa a	-	-
labas rytas	-	-
alfa oras	-	-
a a	-	-
Džordana	-	-
medžio	-	-
A	-	-
a	-	-
siųsti	-	-
žiūri	-	-
žiūrėti	-	-
siūlas	-	-
šiūpinys	-	-
sūnų	-	-
vyrų	-	-
😀	-	-
„kabutės“	-	-
labas — rytas	-	-
50 % ir 5 €	-	-
about	-	-
out	-	-
loud	-	-
liutas	-	-
liokajus	-	-
saliutas	-	-
bankas	-	-
lankas	-	-
internetas	-	-
verkti	-	-
vartai	-	-
turtas	-	-
aitvaras	-	-
penki	-	-
gerti	-	-
skirkite	-	-
kirkite	-	-
kikis	-	-
važiuoti	-	-
diuoti	-	-
kiuoti	-	-
liuoti	-	-
pradzia	-	-
dzukas	-	-
brolius	-	-
kelius	-	-
arklius	-	-
choras	-	-
Ayla_Camila,     absent, Mesa libre [Solo Nosotras! 👩‍❤️‍👩], es	-	-
labas 你 rytas	-	-
你好	-	-
2,5	-	-
2.5	-	-
2,75	-	-
2, 3	-	-
21:20	-	-
1,234,567	-	-
kaina 2,5.	-	-
-15 laipsniu	-	-
lrt.lt	-	-
www.delfi.lt	-	-
a*b	-	-
vardas@host.lt	-	-
kazin-kas	-	-
(-15)	-	-
-15,5	-	-
ß	-	-
straße	-	-
Müller	-	-
αβγ	-	-
ñ	-	-
